Año,Marca,Enlace Anuncio Superbowl,Enlace Youtube,Divertido,Muestra Producto Rapido,Patriótico,Celebridad,Peligro,Animales,Usa Sexo,Duración,Costo Estimado,Vistas Youtube,Me Gusta Youtube,Espectadores TV,Vistas Youtube (millones),Me Gusta Youtube (miles)
2000,E-Trade,https://superbowl-ads.com/2000-etrade-monkey-dance/,https://www.youtube.com/watch?v=Muyq2kMDFoA,True,True,False,False,False,True,False,30,2.1,13615,84,88.47,0.01,0.08
2000,E-Trade,https://superbowl-ads.com/2000-etrade-money-out-of-the-wazoo/,https://www.youtube.com/watch?v=oftjwYmlfoA,True,True,False,False,True,False,False,30,2.1,72772,146,88.47,0.07,0.15
2000,Budweiser,https://superbowl-ads.com/2000-budweiser-whaasup-game/,https://www.youtube.com/watch?v=loimTUjV92Q,True,True,False,False,False,False,False,30,2.1,5399,11,88.47,0.01,0.01
2000,Bud Light,https://superbowl-ads.com/2000-bud-light-hold-the-door/,https://www.youtube.com/watch?v=M3IV93HwSkc,True,True,False,False,True,False,False,30,2.1,6699,8,88.47,0.01,0.01
2000,Budweiser,https://superbowl-ads.com/2000-budweiser-talking-dog/,https://www.youtube.com/watch?v=dK1tlG778J8,True,False,False,False,False,True,False,30,2.1,18972,6,88.47,0.02,0.01
2000,Bud Light,https://superbowl-ads.com/2000-bud-light-she-has-a-cat/,https://www.youtube.com/watch?v=drE6cpCB6Po,True,False,False,False,True,True,True,30,2.1,146,3,88.47,0.0,0.0
2000,Budweiser,https://superbowl-ads.com/2000-budweiser-whaasup/,https://www.youtube.com/watch?v=JJmqCKtJnxM,True,True,False,False,False,False,False,60,4.2,4047977,31000,88.47,4.05,31.0
2000,Budweiser,https://superbowl-ads.com/2000-budweiser-rex/,https://www.youtube.com/watch?v=GgXsLHifz9k,True,False,False,False,True,True,False,60,4.2,112246,163,88.47,0.11,0.16
2001,Bud Light,https://superbowl-ads.com/2001-bud-light-otto/,https://www.youtube.com/watch?v=XJEYIR-Cai4,True,True,False,False,False,True,False,30,2.1,3613,10,84.34,0.0,0.01
2001,Budweiser,https://superbowl-ads.com/2001-budweiser-what-are-you-doing/,https://www.youtube.com/watch?v=gtmJEt0w1k4,True,True,False,False,False,False,False,30,2.1,58606,212,84.34,0.06,0.21
2001,Bud Light,https://superbowl-ads.com/2001-bud-light-pencil-pusher/,https://www.youtube.com/watch?v=J89vbNUzhIE,True,False,False,False,True,False,True,30,2.1,73526,353,84.34,0.07,0.35
2001,Pepsi,https://superbowl-ads.com/2001-pepsi-subway-miracle/,https://www.youtube.com/watch?v=1nmPv4M8Ps8,True,False,False,False,False,False,True,30,2.1,1202,5,84.34,0.0,0.0
2001,E-Trade,https://superbowl-ads.com/2001-etrade-dot-com-ghost-town/,https://www.youtube.com/watch?v=ONZFkqzuMjI,False,False,False,False,True,True,False,30,2.1,105126,191,84.34,0.11,0.19
2001,Pepsi,https://superbowl-ads.com/2001-pepsi-roller-coaster/,https://www.youtube.com/watch?v=MwfL-DkL1Vg,True,True,False,False,False,False,True,30,2.1,65284,110,84.34,0.07,0.11
2001,Bud Light,https://superbowl-ads.com/2001-bud-light-cedric-the-entertainer/,https://www.youtube.com/watch?v=h-HHbtwX5vY,True,False,False,True,False,False,True,30,2.1,1047,3,84.34,0.0,0.0
2001,Doritos,https://superbowl-ads.com/2001-doritos-ali-landry/,https://www.youtube.com/watch?v=xbrvsJZSxok,True,True,False,True,False,False,True,30,2.1,4183,15,84.34,0.0,0.02
2001,NFL,https://superbowl-ads.com/2001-nfl-perfect-day/,,False,False,False,True,False,False,False,60,4.2,0,0,84.34,0.0,0.0
2001,Pepsi,https://superbowl-ads.com/2001-pepsi-bob-dole/,https://www.youtube.com/watch?v=6h7wifUL8mk,True,False,True,True,False,True,True,45,3.15,12595,13,84.34,0.01,0.01
2001,Pepsi,https://superbowl-ads.com/2001-pepsi-kasparov-vs-pepsi-machine/,https://www.youtube.com/watch?v=pldGc0Cpf84,True,False,False,True,True,False,False,60,4.2,1632,15,84.34,0.0,0.02
2001,E-Trade,https://superbowl-ads.com/2001-etrade-security-guard/,https://www.youtube.com/watch?v=39BL7iqe6pQ,True,False,False,False,True,False,False,30,2.1,6602,12,84.34,0.01,0.01
2001,Budweiser,https://superbowl-ads.com/2001-budweiser-nsync/,https://www.youtube.com/watch?v=H9YdunAo3Ug,False,False,False,True,False,False,False,30,2.1,78098,350,84.34,0.08,0.35
2002,Budweiser,https://superbowl-ads.com/2002-budweiser-ground-zero-clydesdales-bow/,https://www.youtube.com/watch?v=1MZUvib98Rs,False,True,True,False,False,True,False,60,4.2,147441,845,86.8,0.15,0.84
2002,Budweiser,https://superbowl-ads.com/2002-budweiser-how-ya-doin/,https://www.youtube.com/watch?v=mhEYXcCB1Qw,True,True,False,False,False,False,False,30,2.1,49992,329,86.8,0.05,0.33
2002,Budweiser,https://superbowl-ads.com/2002-budweiser-anniversary-card/,https://www.youtube.com/watch?v=LnU2T2P1oxA,True,False,False,False,False,False,False,30,2.1,14401,54,86.8,0.01,0.05
2002,Bud Light,https://superbowl-ads.com/2002-bud-light-falcon/,https://www.youtube.com/watch?v=ZBD4dYTpYAU,True,True,False,False,True,True,True,30,2.1,3991,17,86.8,0.0,0.02
2002,Bud Light,https://superbowl-ads.com/2002-bud-light-robobash/,https://www.youtube.com/watch?v=oJvsWvaTr4w,True,False,False,False,True,False,False,30,2.1,64696,189,86.8,0.06,0.19
2002,Bud Light,https://superbowl-ads.com/2002-bud-light-satin-sheets/,https://www.youtube.com/watch?v=-LwSb4cCAnw,True,False,False,False,True,False,True,30,2.1,84183,342,86.8,0.08,0.34
2002,Budweiser,https://superbowl-ads.com/2002-budweiser-tushy/,,True,True,False,False,False,False,True,30,2.1,0,0,86.8,0.0,0.0
2002,E-Trade,https://superbowl-ads.com/2002-etrade-monkey-musical/,https://www.youtube.com/watch?v=SK1i1iyE7RA,True,True,False,False,False,True,True,30,2.1,1753,9,86.8,0.0,0.01
2002,Pepsi,https://superbowl-ads.com/2002-pepsi-generations-with-britney-spears/,https://www.youtube.com/watch?v=TG4giyL-4Sk,False,True,False,True,False,False,True,90,6.3,481645,7400,86.8,0.48,7.4
2002,Bud Light,https://superbowl-ads.com/2002-bud-light-cedric-advice/,https://www.youtube.com/watch?v=OfLLLnAngZI,True,True,False,True,True,False,True,30,2.1,5312,24,86.8,0.01,0.02
2003,Bud Light,https://superbowl-ads.com/2003-bud-light-hermit-crab/,https://www.youtube.com/watch?v=ovQYgnXHooY,True,True,False,False,True,True,True,30,2.1,13838,20,88.64,0.01,0.02
2003,Bud Light,https://superbowl-ads.com/2003-bud-light-strongman/,https://www.youtube.com/watch?v=_cEQ5g6bzdM,True,True,False,False,True,False,False,30,2.1,8062,55,88.64,0.01,0.06
2003,Bud Light,https://superbowl-ads.com/2003-bud-light-yoga/,https://www.youtube.com/watch?v=bcV8WN1YIL4,True,True,False,False,False,False,True,30,2.1,148322,57,88.64,0.15,0.06
2003,Bud Light,https://superbowl-ads.com/2003-bud-light-third-arm/,,True,True,False,False,False,False,True,30,2.1,0,0,88.64,0.0,0.0
2003,Budweiser,https://superbowl-ads.com/2003-budweiser-great-listener/,https://www.youtube.com/watch?v=zx4SnN9HuRw,True,True,False,False,False,False,False,30,2.1,27782,18,88.64,0.03,0.02
2003,Bud Light,https://superbowl-ads.com/2003-bud-light-upside-down-clown/,https://www.youtube.com/watch?v=DTvxyDwP2CA,True,True,False,False,False,False,False,30,2.1,179645,237,88.64,0.18,0.24
2003,Bud Light,https://superbowl-ads.com/2003-bud-light-mother-in-law/,https://www.youtube.com/watch?v=RuIXFuwLb2s,True,True,False,False,False,False,False,30,2.1,179999,300,88.64,0.18,0.3
2003,Budweiser,https://superbowl-ads.com/2003-budweiser-instant-replay/,https://www.youtube.com/watch?v=hM79LTkT7ek,True,True,False,False,False,True,False,30,2.1,2948,10,88.64,0.0,0.01
2003,Bud Light,https://superbowl-ads.com/2003-bud-light-no-pets-allowed/,https://www.youtube.com/watch?v=BKexURCYxtk,True,True,False,False,False,True,False,30,2.1,17456,70,88.64,0.02,0.07
2003,Budweiser,https://superbowl-ads.com/2003-budweiser-roommate/,https://www.youtube.com/watch?v=R67qcUIbFhs,True,False,False,False,False,False,True,30,2.1,21838,10,88.64,0.02,0.01
2003,Pepsi,https://superbowl-ads.com/2003-pepsi-twist-osbornes/,https://www.youtube.com/watch?v=dnHEqQGl0yA,True,True,False,True,False,False,False,45,3.15,41312,0,88.64,0.04,0.0
2003,NFL,https://superbowl-ads.com/2003-nfl-crazy-with-don-cheadle/,https://www.youtube.com/watch?v=Bs0Iwwl-5Lk,False,False,False,True,False,False,False,60,4.2,18780,43,88.64,0.02,0.04
2004,Bud Light,https://superbowl-ads.com/2004-bud-light-frank/,https://www.youtube.com/watch?v=mjN3OY9Eefk,True,True,False,False,False,True,True,30,2.1,4068,127,89.8,0.0,0.13
2004,Pepsi,https://superbowl-ads.com/2004-pepsi-bears-find-food/,https://www.youtube.com/watch?v=GzWUUZRli6s,True,False,False,False,False,True,False,45,3.15,181362,313,89.8,0.18,0.31
2004,Budweiser,https://superbowl-ads.com/2004-budweiser-referee/,https://www.youtube.com/watch?v=uO-E2T1hayU,True,False,False,False,False,False,False,30,2.1,341959,912,89.8,0.34,0.91
2004,Budweiser,https://superbowl-ads.com/2004-budweiser-donkey/,https://www.youtube.com/watch?v=pmmsr7PAhWU,False,True,True,False,False,True,False,60,4.2,1953836,3700,89.8,1.95,3.7
2004,Toyota,https://superbowl-ads.com/2004-toyota-revenge/,https://www.youtube.com/watch?v=5uLJitPWAXM,True,True,False,False,True,False,False,30,2.1,125064,871,89.8,0.13,0.87
2004,Bud Light,https://superbowl-ads.com/2004-bud-light-sleigh-ride/,https://www.youtube.com/watch?v=yQ_nU0_R7PE,True,False,False,False,True,True,True,30,2.1,88612,118,89.8,0.09,0.12
2004,Pepsi,https://superbowl-ads.com/2004-pepsi-jimi-hendrix/,https://www.youtube.com/watch?v=NOOmu1Rz17Y,True,True,False,False,False,False,False,30,2.1,62845,294,89.8,0.06,0.29
2004,Bud Light,https://superbowl-ads.com/2004-bud-light-paintball/,https://www.youtube.com/watch?v=qbS0gF3YdBg,True,True,False,False,True,False,False,30,2.1,618,8,89.8,0.0,0.01
2004,Bud Light,https://superbowl-ads.com/2004-bud-light-fergus/,https://www.youtube.com/watch?v=j7QA9oHpduk,True,True,False,False,True,True,False,30,2.1,7557,41,89.8,0.01,0.04
2004,Bud Light,https://superbowl-ads.com/2004-bud-light-cedric-gets-massage/,https://www.youtube.com/watch?v=gWqR28uRxXw,True,True,False,True,False,False,True,30,2.1,41044,43,89.8,0.04,0.04
2004,Budweiser,https://superbowl-ads.com/2004-budweiser-lipstick/,https://www.youtube.com/watch?v=zM4rU4jit5k,True,False,False,True,False,True,True,30,2.1,102403,448,89.8,0.1,0.45
2005,Bud Light,https://superbowl-ads.com/2005-bud-light-parrot/,https://www.youtube.com/watch?v=-gTWA5AsTP8,True,True,False,False,True,True,True,30,2.4,9065,30,86.07,0.01,0.03
2005,Pepsi,https://superbowl-ads.com/2005-pepsi-song-in-a-bottle/,https://www.youtube.com/watch?v=vUwROngDC88,True,True,False,False,False,False,False,45,3.6,219,1,86.07,0.0,0.0
2005,Bud Light,https://superbowl-ads.com/2005-bud-light-skydiver/,https://www.youtube.com/watch?v=Y9wyIID8Khs,True,False,False,False,False,False,False,30,2.4,0,0,86.07,0.0,0.0
2005,Budweiser,https://superbowl-ads.com/2005-budweiser-tryouts/,,True,False,False,False,False,True,False,30,2.4,0,0,86.07,0.0,0.0
2005,Bud Light,https://superbowl-ads.com/2005-bud-light-sharon/,,True,True,False,False,False,False,True,30,2.4,0,0,86.07,0.0,0.0
2005,Pepsi,https://superbowl-ads.com/2005-diet-pepsi-pdiddy/,https://www.youtube.com/watch?v=eXfNnSOOoVc,True,True,False,True,False,False,True,90,7.2,44172,97,86.07,0.04,0.1
2005,Bud Light,https://superbowl-ads.com/2005-bud-light-cedric-stranded/,https://www.youtube.com/watch?v=Q5Hu_FBUIsk,True,True,False,True,False,True,True,30,2.4,3515,7,86.07,0.0,0.01
2005,Pepsi,https://superbowl-ads.com/2005-diet-pepsi-hot-guy/,https://www.youtube.com/watch?v=bHY2miRSwh4,True,False,False,True,False,False,True,30,2.4,433,3,86.07,0.0,0.0
2006,Bud Light,https://superbowl-ads.com/2006-bud-light-bear-attack/,https://www.youtube.com/watch?v=yk0MQD5YgV8,True,False,False,False,True,True,False,30,2.4,142518,129,90.75,0.14,0.13
2006,Budweiser,https://superbowl-ads.com/2006-budweiser-stadium-crowd-wave/,https://www.youtube.com/watch?v=4WeAvfP1ikU,True,True,False,False,False,False,False,30,2.4,85545,81,90.75,0.09,0.08
2006,Bud Light,https://superbowl-ads.com/2006-bud-light-magic-fridge/,https://www.youtube.com/watch?v=67dRRrRz2t8,True,True,False,False,False,False,False,30,2.4,103580,380,90.75,0.1,0.38
2006,Budweiser,https://superbowl-ads.com/2006-budweiser-on-the-roof/,https://www.youtube.com/watch?v=q05QIp5qbnY,True,True,False,False,True,False,False,30,2.4,120496,168,90.75,0.12,0.17
2006,Pepsi,https://superbowl-ads.com/2006-diet-pepsi-jackie-chan/,https://www.youtube.com/watch?v=sx0i7WgBOvs,True,True,False,True,True,False,False,30,2.4,69745,74,90.75,0.07,0.07
2006,Pepsi,https://superbowl-ads.com/2006-diet-pepsi-brown-and-bubbly/,https://www.youtube.com/watch?v=d8f-PiELHls,True,True,False,True,False,False,True,60,4.8,6715,47,90.75,0.01,0.05
2006,Budweiser,https://superbowl-ads.com/2006-budweiser-streaker/,https://www.youtube.com/watch?v=Zb3fhsfs6ZU,True,False,False,False,False,True,True,30,2.4,772365,2300,90.75,0.77,2.3
2007,Budweiser,https://superbowl-ads.com/2007-budweiser-king-crab/,https://www.youtube.com/watch?v=7KHlMJE84eA,True,True,False,False,False,True,True,30,2.4,185072,134,93.18,0.19,0.13
2007,Bud Light,https://superbowl-ads.com/2007-bud-light-slap/,https://www.youtube.com/watch?v=aOfRpCp6Pgw,True,True,False,False,True,False,False,30,2.4,74585,93,93.18,0.07,0.09
2007,E-Trade,https://superbowl-ads.com/2007-etrade-one-finger/,https://www.youtube.com/watch?v=jaR5-kefxn4,True,False,True,False,False,False,False,30,2.4,97481,98,93.18,0.1,0.1
2007,Doritos,https://superbowl-ads.com/2007-doritos-live-the-favor/,https://www.youtube.com/watch?v=kNxgxF-7SfA,True,True,False,False,True,False,True,30,2.4,1685673,2500,93.18,1.69,2.5
2007,Bud Light,https://superbowl-ads.com/2007-bud-light-but-he-has-bud-light/,https://www.youtube.com/watch?v=qIC90Vnc-OI,True,True,False,False,True,False,False,30,2.4,180328,420,93.18,0.18,0.42
2007,Coca-Cola,https://superbowl-ads.com/2007-coca-cola-video-game/,https://www.youtube.com/watch?v=3Tnm53uXIvg,False,True,True,False,True,True,False,60,4.8,249361,455,93.18,0.25,0.46
2007,Bud Light,https://superbowl-ads.com/2007-bud-light-rock-scissors-paper/,https://www.youtube.com/watch?v=kH50-giCeDM,True,True,False,False,True,False,False,30,2.4,221417,336,93.18,0.22,0.34
2007,Coca-Cola,https://superbowl-ads.com/2007-coca-cola-happiness-factory/,https://www.youtube.com/watch?v=NwZpO6saPxI,False,True,False,False,False,True,False,60,4.8,11780,30,93.18,0.01,0.03
2007,Budweiser,https://superbowl-ads.com/2007-budweiser-dalmatian/,https://www.youtube.com/watch?v=esOPYOeotTU,False,False,False,False,True,True,False,60,4.8,84506,50,93.18,0.08,0.05
2007,Bud Light,https://superbowl-ads.com/2007-bud-light-class-with-carlos-mencia/,https://www.youtube.com/watch?v=670X2MCWzK0,True,True,False,True,False,False,False,30,2.4,956887,1300,93.18,0.96,1.3
2007,Budweiser,https://superbowl-ads.com/2007-budweiser-don-shula-vs-jayz/,https://www.youtube.com/watch?v=YnGpb8lbPOI,False,False,False,True,False,False,False,60,4.8,216,0,93.18,0.0,0.0
2007,Toyota,https://superbowl-ads.com/2007-toyota-tundra-see-saw/,https://www.youtube.com/watch?v=D81uh6I-2Q4,False,True,False,False,False,False,False,30,2.4,286153,221,93.18,0.29,0.22
2007,Bud Light,https://superbowl-ads.com/2007-bud-light-apes-plan/,https://www.youtube.com/watch?v=osn2rzClKh0,True,True,False,False,False,True,False,30,2.4,172,0,93.18,0.0,0.0
2007,Doritos,https://superbowl-ads.com/2007-doritos-check-out-girl/,https://www.youtube.com/watch?v=nIcFZzdXSrU,True,True,False,False,False,False,True,30,2.4,294111,255,93.18,0.29,0.26
2008,Budweiser,https://superbowl-ads.com/2008-budweiser-dalmatian-trains-hank-for-team/,https://www.youtube.com/watch?v=odpagg0jV6I,False,True,True,False,False,True,False,60,4.8,112949,321,97.45,0.11,0.32
2008,Hyundai,https://superbowl-ads.com/2008-hyundai-genesis-luxury/,https://www.youtube.com/watch?v=PsKJUnGEGSs,False,True,False,False,False,False,False,30,2.4,8762,13,97.45,0.01,0.01
2008,Bud Light,https://superbowl-ads.com/2008-bud-light-wheel-suck/,https://www.youtube.com/watch?v=WX8Du9pusdA,True,True,False,False,False,False,False,30,2.4,599218,761,97.45,0.6,0.76
2008,Bud Light,https://superbowl-ads.com/2008-bud-light-wine-cheese-party/,https://www.youtube.com/watch?v=aEWtTVaIH0M,True,False,False,False,False,False,False,30,2.4,556463,415,97.45,0.56,0.42
2008,Bud Light,https://superbowl-ads.com/2008-bud-light-breathe-fire/,https://www.youtube.com/watch?v=AhqPl1IKVo4,True,True,False,False,True,True,False,30,2.4,24651,26,97.45,0.02,0.03
2008,Bud Light,https://superbowl-ads.com/2008-bud-light-x-ray-vision/,https://www.youtube.com/watch?v=cOEMI8HRhlA,True,True,False,False,False,False,True,30,2.4,166673,163,97.45,0.17,0.16
2008,Doritos,https://superbowl-ads.com/2008-doritos-mouse-trap/,https://www.youtube.com/watch?v=h8qgk5tXuUA,True,True,False,False,True,False,False,30,2.4,241271,1100,97.45,0.24,1.1
2008,Coca-Cola,https://superbowl-ads.com/2008-coca-cola-political-parties/,https://www.youtube.com/watch?v=2_LWZe2BGaE,True,True,True,True,False,False,False,60,4.8,14359,38,97.45,0.01,0.04
2008,Pepsi,https://superbowl-ads.com/2008-pepsi-every-sip-with-justin-timberlake/,https://www.youtube.com/watch?v=AKKM8sP24BE,True,False,False,True,True,False,True,60,4.8,238819,616,97.45,0.24,0.62
2008,Bud Light,https://superbowl-ads.com/2008-bud-light-language-of-love/,https://www.youtube.com/watch?v=Ao0x4zsb724,True,True,True,True,False,False,True,30,2.4,731589,595,97.45,0.73,0.6
2008,Bud Light,https://superbowl-ads.com/2008-bud-light-jackie-moon-will-ferrell/,https://www.youtube.com/watch?v=ecqiZn2DDFQ,True,True,False,True,False,False,True,30,2.4,1060862,1300,97.45,1.06,1.3
2008,Coca-Cola,https://superbowl-ads.com/2008-coca-cola-its-mine/,https://www.youtube.com/watch?v=-ACk9mRky5k,True,True,False,True,True,True,False,60,4.8,70272,256,97.45,0.07,0.26
2008,Bud Light,https://superbowl-ads.com/2008-bud-light-ability-to-fly/,https://www.youtube.com/watch?v=-axbiEJiRGw,True,True,False,False,False,False,False,30,2.4,9367,12,97.45,0.01,0.01
2009,Pepsi,https://superbowl-ads.com/2009-pepsi-max-im-good/,https://www.youtube.com/watch?v=qUZaSf7T7ig,True,False,False,False,True,False,False,30,2.4,130861,365,98.73,0.13,0.36
2009,Budweiser,https://superbowl-ads.com/2009-budweiser-clydesdales-generations/,https://www.youtube.com/watch?v=ukpnHh4eEeQ,False,True,True,False,False,True,False,60,4.8,307483,538,98.73,0.31,0.54
2009,Budweiser,https://superbowl-ads.com/2009-budweiser-clydesdale-plays-fetch/,https://www.youtube.com/watch?v=w_ZEGUX4YnI,True,True,True,False,False,True,False,30,2.4,49777,69,98.73,0.05,0.07
2009,Hyundai,https://superbowl-ads.com/2009-hyundai-angry-bosses/,https://www.youtube.com/watch?v=puG0WOgAUfs,True,True,False,False,False,False,False,30,2.4,373823,588,98.73,0.37,0.59
2009,Doritos,https://superbowl-ads.com/2009-doritos-new-flavor-pitch/,https://www.youtube.com/watch?v=qKKpRhFcKBk,True,True,False,False,False,False,False,30,2.4,43262,112,98.73,0.04,0.11
2009,Coca-Cola,https://superbowl-ads.com/2009-coca-cola-heist/,https://www.youtube.com/watch?v=icV7fGqPZ2I,False,True,False,False,False,True,False,60,4.8,525946,1700,98.73,0.53,1.7
2009,Bud Light,https://superbowl-ads.com/2009-bud-light-meeting/,https://www.youtube.com/watch?v=L1fL0ZHX2t0,True,True,False,False,True,False,False,30,2.4,55433,185,98.73,0.06,0.18
2009,Coca-Cola,https://superbowl-ads.com/2009-coca-cola-avatar/,https://www.youtube.com/watch?v=Kwke0LNardc,True,False,False,False,False,True,False,60,4.8,1455950,3500,98.73,1.46,3.5
2009,Bud Light,https://superbowl-ads.com/2009-bud-light-skier/,https://www.youtube.com/watch?v=LEVQAU_LITI,True,True,False,False,True,False,True,30,2.4,30257,34,98.73,0.03,0.03
2009,Doritos,https://superbowl-ads.com/2009-doritos-power-of-the-crunch/,https://www.youtube.com/watch?v=7DZao4kN73M,True,True,False,False,True,True,True,30,2.4,646856,1900,98.73,0.65,1.9
2009,Coca-Cola,https://superbowl-ads.com/2009-coke-zero-mean-troy/,https://www.youtube.com/watch?v=XKFUcEkIbEg,True,True,False,True,True,False,False,60,4.8,46228,102,98.73,0.05,0.1
2009,Pepsi,https://superbowl-ads.com/2009-pepsi-anthem/,https://www.youtube.com/watch?v=WIzKwJmYLNs,False,False,True,True,True,False,False,60,4.8,1420,8,98.73,0.0,0.01
2009,Doritos,https://superbowl-ads.com/2009-doritos-crystal-ball/,https://www.youtube.com/watch?v=Fdz0Q0GiEcc,True,True,False,False,True,False,False,30,2.4,22353,56,98.73,0.02,0.06
2009,E-Trade,https://superbowl-ads.com/2009-etrade-talking-baby/,https://www.youtube.com/watch?v=PlqWRADszb0,True,True,False,False,False,False,False,30,2.4,367349,841,98.73,0.37,0.84
2009,Hyundai,https://superbowl-ads.com/2009-hyundai-assurance-contract/,https://www.youtube.com/watch?v=lzQ2NeqjYS0,False,True,False,False,False,False,False,30,2.4,7528,7,98.73,0.01,0.01
2010,Hyundai,https://superbowl-ads.com/hd-2010-super-bowl-commercial-new-hyundai-super-bowl-44-xliv-ad-hyundai-body-pass-2011-sonata/,https://www.youtube.com/watch?v=dWQqIeAYfK8,False,True,True,False,False,False,False,30,2.95,68652,48,106.48,0.07,0.05
2010,Bud Light,https://superbowl-ads.com/hd-exclusive-bud-light-scientist-2010-superbowl-44-xliv-commercial-ad/,https://www.youtube.com/watch?v=agISXMN4tng,True,False,False,False,True,False,True,30,2.95,3851,10,106.48,0.0,0.01
2010,Bud Light,https://superbowl-ads.com/hd-exclusive-stranded-budweiser-2010-super-bowl-44-xliv-commercial-ad/,https://www.youtube.com/watch?v=zE7wyUmsM0k,True,False,False,False,False,False,False,45,4.42,86083,125,106.48,0.09,0.12
2010,E-Trade,https://superbowl-ads.com/hd-exclusive-e-trade-baby-tears-2010-superbowl-44-xliv-commercial-ad/,https://www.youtube.com/watch?v=LgiYL1Ry2I8,True,True,False,False,False,False,False,15,1.47,14997,20,106.48,0.01,0.02
2010,Doritos,https://superbowl-ads.com/hd-exclusive-doritos-samurai-2010-super-bowl-44-xliv-commercial-ad/,https://www.youtube.com/watch?v=1ww1k7w4WQ8,True,True,False,False,True,False,False,30,2.95,227092,1200,106.48,0.23,1.2
2010,Doritos,https://superbowl-ads.com/hd-exclusive-casket-funeral-doritos-2010-super-bowl-44-xliv-commercial-ad/,https://www.youtube.com/watch?v=2IhJl7mBtls,True,True,False,False,False,False,False,30,2.95,11654,23,106.48,0.01,0.02
2010,NFL,https://superbowl-ads.com/2010-nfl-best-fans-on-the-planet/,https://www.youtube.com/watch?v=6cMHr8goUgU,False,False,True,False,False,False,False,60,5.9,93263,435,106.48,0.09,0.44
2010,Doritos,https://superbowl-ads.com/hd-exclusive-dog-shock-collar-doritos-commercial-super-bowl-44-2010-super-bowl-xliv/,https://www.youtube.com/watch?v=UBaZDWIs3fs,True,True,False,False,True,True,False,30,2.95,132805,279,106.48,0.13,0.28
2010,Hyundai,https://superbowl-ads.com/hd-exclusive-2010-super-bowl-xliv-commercial-with-brett-favre-hyundai-commercial/,https://www.youtube.com/watch?v=KqAWv2wCW8I,False,False,False,True,False,False,False,30,2.95,176958,307,106.48,0.18,0.31
2010,Bud Light,https://superbowl-ads.com/hd-exclusive-bud-light-auto-tune-t-pain-2010-superbowl-44-xliv-commercial-ad/,https://www.youtube.com/watch?v=bDhjcP02GQg,True,True,False,True,False,False,False,30,2.95,35522,113,106.48,0.04,0.11
2010,Kia,https://superbowl-ads.com/hd-exclusive-kias-big-game-commercial-2010-super-bowl-44-xliv-ad/,https://www.youtube.com/watch?v=7q2yVq6fDEg,True,True,False,False,False,True,True,60,5.9,51291,96,106.48,0.05,0.1
2010,E-Trade,https://superbowl-ads.com/hd-exclusive-e-trade-baby-girlfriend-2010-superbowl-44-xliv-commercial-ad/,https://www.youtube.com/watch?v=tbLTl7egwlU,True,True,False,False,False,False,True,30,2.95,1048750,1200,106.48,1.05,1.2
2010,E-Trade,https://superbowl-ads.com/hd-exclusive-e-trade-baby-first-class-2010-super-bowl-44-xliv-commercial-ad/,https://www.youtube.com/watch?v=tVrE5-eiSNA,True,False,False,False,False,False,False,30,2.95,26366,33,106.48,0.03,0.03
2010,Budweiser,https://superbowl-ads.com/hd-exclusive-budweiser-body-bridge-2010-super-bowl-44-xliv-commercial-ad/,https://www.youtube.com/watch?v=IQHlA9qKJv4,True,True,True,False,False,True,False,60,5.9,51,1,106.48,0.0,0.0
2011,Kia,https://superbowl-ads.com/2011-kia-optima-one-epic-ride-super-bowl-xlv-commercial/,https://www.youtube.com/watch?v=8FMU5yPZgwM,True,True,False,False,True,False,True,60,5.9,37554,204,111.01,0.04,0.2
2011,Coca-Cola,https://superbowl-ads.com/2011-coca-cola-border/,https://www.youtube.com/watch?v=Aw6-aXMBseo,False,False,False,False,False,False,False,60,5.9,114587,263,111.01,0.11,0.26
2011,Bud Light,https://superbowl-ads.com/2011-bud-light-dog-sitter/,https://www.youtube.com/watch?v=JJn1vM7LB1Y,True,True,False,False,False,True,False,30,2.95,484,2,111.01,0.0,0.0
2011,Coca-Cola,https://superbowl-ads.com/2011-coca-cola-siege/,https://www.youtube.com/watch?v=nAJvHsVoLq0,True,False,False,False,True,True,False,60,5.9,88026,59,111.01,0.09,0.06
2011,Hyundai,https://superbowl-ads.com/2011-hyundai-super-bowl-commercial-hypnotized-video/,https://www.youtube.com/watch?v=5ofcQl6gWeE,True,False,False,False,False,False,False,30,2.95,345,0,111.01,0.0,0.0
2011,Doritos,https://superbowl-ads.com/2011-doritos-pug-attack/,https://www.youtube.com/watch?v=1A6frF5zfDE,True,True,False,False,True,True,False,30,2.95,137670,697,111.01,0.14,0.7
2011,Hyundai,https://superbowl-ads.com/2011-hyundai-super-bowl-commercial-deprogramming-video/,https://www.youtube.com/watch?v=32d5c_IW2Xc,False,False,False,False,False,True,False,60,5.9,135,1,111.01,0.0,0.0
2011,Hyundai,https://superbowl-ads.com/2011-hyundai-super-bowl-commercial-anachronistic-city-video/,https://www.youtube.com/watch?v=-BVMOKtawUk,False,False,False,False,False,False,False,30,2.95,63,0,111.01,0.0,0.0
2011,Pepsi,https://superbowl-ads.com/2011-pepsi-max-love-hurts/,https://www.youtube.com/watch?v=r4eyQBvcBUA,True,True,False,False,True,False,True,30,2.95,272017,635,111.01,0.27,0.64
2012,E-Trade,https://superbowl-ads.com/2012-etrade-fatherhood/,https://www.youtube.com/watch?v=fObt1E6Ij_E,True,False,False,False,False,False,False,30,2.95,27,0,111.35,0.0,0.0
2012,Bud Light,https://superbowl-ads.com/2012-bud-light-rescue-dog/,https://www.youtube.com/watch?v=Qr3GJqccGi4,True,True,False,False,False,True,True,60,5.9,14758,44,111.35,0.01,0.04
2012,Hyundai,https://superbowl-ads.com/2012-hyundai-genesis-heart/,https://www.youtube.com/watch?v=UxQKSCpOIOI,True,True,False,False,True,False,False,30,2.95,1349,2,111.35,0.0,0.0
2012,Pepsi,https://superbowl-ads.com/2012-pepsi-kings-court/,https://www.youtube.com/watch?v=3rZs8ZKTsp0,False,True,False,True,False,False,False,60,5.9,583919,1500,111.35,0.58,1.5
2012,Doritos,https://superbowl-ads.com/2012-doritos-mans-best-friend/,https://www.youtube.com/watch?v=kMmd0WaQFGE,True,False,False,False,True,True,False,30,2.95,94029,160,111.35,0.09,0.16
2012,Toyota,https://superbowl-ads.com/2012-toyota-camry-its-reinvented/,https://www.youtube.com/watch?v=oYdJKey7VpU,True,True,False,False,True,True,True,60,5.9,119464,1100,111.35,0.12,1.1
2012,Coca-Cola,https://superbowl-ads.com/2012-coca-cola-arghh-ny-bear/,https://www.youtube.com/watch?v=jhvAXT9R_3U,False,True,False,False,False,True,False,30,2.95,18917,86,111.35,0.02,0.09
2012,Kia,https://superbowl-ads.com/2012-kia-optima-drive-the-dream-extended-version/,https://www.youtube.com/watch?v=9RI6OGXq11Y,True,False,False,True,False,False,True,90,8.85,63715,502,111.35,0.06,0.5
2012,NFL,https://superbowl-ads.com/2012-nfl-timeline/,https://www.youtube.com/watch?v=CPr4-P19NtE,False,True,False,True,False,False,False,60,5.9,407385,2000,111.35,0.41,2.0
2012,Coca-Cola,https://superbowl-ads.com/2012-coca-cola-superstition/,https://www.youtube.com/watch?v=x1nttVdja9s,False,True,False,False,False,True,False,30,2.95,11987,76,111.35,0.01,0.08
2012,Budweiser,https://superbowl-ads.com/2012-budweiser-return-of-the-king/,https://www.youtube.com/watch?v=TieDNumMwOc,False,True,True,False,False,True,False,60,5.9,27,0,111.35,0.0,0.0
2012,Coca-Cola,https://superbowl-ads.com/2012-coca-cola-catch-ne-bear/,https://www.youtube.com/watch?v=S2nBBMbjS8w,False,True,False,False,True,True,False,60,5.9,23976557,100000,111.35,23.98,100.0
2012,Bud Light,https://superbowl-ads.com/2012-bud-light-platinum-factory/,https://www.youtube.com/watch?v=3LPLXuHlOCI,False,True,False,False,False,False,False,30,2.95,22628,48,111.35,0.02,0.05
2012,Doritos,https://superbowl-ads.com/2012-doritos-sling-baby/,https://www.youtube.com/watch?v=6SWNLDdnz0A,True,True,False,False,False,False,False,30,2.95,181423810,295000,111.35,181.42,295.0
2012,Budweiser,https://superbowl-ads.com/2012-budweiser-eternal-optimism/,https://www.youtube.com/watch?v=_GeiOdHsW_8,False,True,True,False,False,True,True,60,5.9,222839,587,111.35,0.22,0.59
2013,Hyundai,https://superbowl-ads.com/video-2013-hyundai-sonata-turbo-super-bowl-xlvii-stuck/,https://www.youtube.com/watch?v=WTf0XGpINJI,True,True,False,False,True,True,False,30,2.95,4661,21,108.69,0.0,0.02
2013,Hyundai,https://superbowl-ads.com/video-hyundai-2013-super-bowl-xlvii-ad-epic-playdate/,https://www.youtube.com/watch?v=YyKVvAZSAug,False,False,False,False,False,True,False,90,8.85,3740,7,108.69,0.0,0.01
2013,Doritos,https://superbowl-ads.com/video-doritos-2013-super-bowl-xlvii-commercial-goat-for-sale/,https://www.youtube.com/watch?v=DoM6IhfY8No,True,True,False,False,False,True,False,30,2.95,617972,2800,108.69,0.62,2.8
2013,Budweiser,https://superbowl-ads.com/video-budweiser-black-crown-2013-super-bowl-xlvii-ad-coronation/,https://www.youtube.com/watch?v=AMP9fgyi41M,False,True,False,False,False,False,True,30,2.95,1341,5,108.69,0.0,0.0
2013,Hyundai,https://superbowl-ads.com/video-hyundai-2013-super-bowl-xlvii-ad-santafe-team/,https://www.youtube.com/watch?v=jvm68nEAU7o,True,True,False,False,True,True,False,45,4.42,117293,1000,108.69,0.12,1.0
2013,Bud Light,https://superbowl-ads.com/video-bud-light-2013-super-bowl-xlvii-commercial-lucky-chair/,https://www.youtube.com/watch?v=7HMTkEMdqBQ,True,True,True,True,True,True,True,60,5.9,653,0,108.69,0.0,0.0
2013,Bud Light,https://superbowl-ads.com/video-bud-light-2013-super-bowl-xlvii-ad-journey/,https://www.youtube.com/watch?v=leptS7k6sLE,True,True,False,True,False,False,False,60,5.9,405,1,108.69,0.0,0.0
2013,E-Trade,https://superbowl-ads.com/video-etrade-baby-2013-super-bowl-xlvii-commercial-save-it/,https://www.youtube.com/watch?v=F0nhq4GO90s,True,True,False,False,False,True,False,30,2.95,154,1,108.69,0.0,0.0
2013,Doritos,https://superbowl-ads.com/video-doritos-2013-super-bowl-xlvii-ad-fashionista-daddy/,https://www.youtube.com/watch?v=w_2k5LMeduc,True,True,False,False,False,False,False,30,2.95,1427496,2600,108.69,1.43,2.6
2013,Kia,https://superbowl-ads.com/video-2013-kia-super-bowl-xlvii-commercial-space-babies/,https://www.youtube.com/watch?v=k5vbGQb7jR0,True,False,False,False,False,True,True,60,5.9,10954,42,108.69,0.01,0.04
2013,Budweiser,https://superbowl-ads.com/video-budweiser-black-crown-2013-super-bowl-xlvii-ad-celebration/,https://www.youtube.com/watch?v=2WNvlXoDs7w,False,True,False,False,False,False,True,30,2.95,267,1,108.69,0.0,0.0
2013,Kia,https://superbowl-ads.com/video-kia-forte-2013-super-bowl-xlvii-commercial-hot-bots/,https://www.youtube.com/watch?v=yhPBzlB6VJI,True,True,False,False,True,False,True,30,2.95,32374,195,108.69,0.03,0.2
2013,Budweiser,https://superbowl-ads.com/video-budweiser-2013-super-bowl-xlvii-ad-the-clydesdales-brotherhood/,https://www.youtube.com/watch?v=eJucRz8kYo0,False,True,False,False,False,True,False,75,7.37,218480,2800,108.69,0.22,2.8
2013,Pepsi,https://superbowl-ads.com/video-2013-pepsi-next-super-bowl-xlvii-commercial-party/,https://www.youtube.com/watch?v=WAySopBmbtI,True,False,False,False,False,False,True,45,4.42,1025,2,108.69,0.0,0.0
2013,Hyundai,https://superbowl-ads.com/video-2013-hyundai-genesis-super-bowl-xlvii-commercial/,https://www.youtube.com/watch?v=mOatp4Xi7IU,False,True,False,False,False,False,False,30,2.95,1540,6,108.69,0.0,0.01
2014,Coca-Cola,https://superbowl-ads.com/2014-coca-going-all-the-way/,https://www.youtube.com/watch?v=nO-8ZY7p95o,True,False,False,False,False,False,False,60,5.9,4120,16,112.19,0.0,0.02
2014,Doritos,https://superbowl-ads.com/2014-doritos-cowboy-kid/,https://www.youtube.com/watch?v=1X_M47SQF6s,True,True,False,False,True,True,False,30,2.95,12153,40,112.19,0.01,0.04
2014,Budweiser,https://superbowl-ads.com/2014-budweiser-a-heros-welcome/,https://www.youtube.com/watch?v=XxfxB0O9Uuk,False,False,True,False,False,True,False,60,5.9,14050,0,112.19,0.01,0.0
2014,Bud Light,https://superbowl-ads.com/2014-bud-light-up-for-whatever-2/,https://www.youtube.com/watch?v=PnOW5qj_R6A,False,True,False,True,False,True,True,60,5.9,143981,482,112.19,0.14,0.48
2014,Bud Light,https://superbowl-ads.com/2014-bud-light-up-for-whatever-1/,,True,True,False,True,False,False,True,30,2.95,0,0,112.19,0.0,0.0
2014,Toyota,https://superbowl-ads.com/2014-toyota-highlander-no-room-for-boring/,https://www.youtube.com/watch?v=b01P9PaaoLk,True,True,False,True,False,True,False,30,2.95,32466,187,112.19,0.03,0.19
2014,Kia,https://superbowl-ads.com/2014-kia-the-truth/,https://www.youtube.com/watch?v=FTNMYoKHwvU,False,False,False,True,True,False,False,90,8.85,32467,537,112.19,0.03,0.54
2014,Hyundai,https://superbowl-ads.com/2014-hyundai-elantra-nice/,https://www.youtube.com/watch?v=2jMWybAKjWw,True,True,False,True,True,False,True,30,2.95,2474,28,112.19,0.0,0.03
2014,Doritos,https://superbowl-ads.com/2014-doritos-time-machine/,https://www.youtube.com/watch?v=Y-P0Hs0ADJY,True,True,False,False,False,True,False,30,2.95,8087637,19000,112.19,8.09,19.0
2014,Coca-Cola,https://superbowl-ads.com/2014-coca-cola-its-beautiful/,https://www.youtube.com/watch?v=D4BC8zUfNhU,False,True,True,False,False,True,False,60,5.9,95865,452,112.19,0.1,0.45
2014,Hyundai,https://superbowl-ads.com/2014-hyundai-genesis-dads-sixth-sense/,https://www.youtube.com/watch?v=CyK63f0I1P0,True,False,False,False,True,False,True,30,2.95,35566,218,112.19,0.04,0.22
2014,Bud Light,https://superbowl-ads.com/2014-bud-light-cool-twist/,https://www.youtube.com/watch?v=_l1nWWiut0I,False,True,False,False,False,False,False,30,2.95,10150,36,112.19,0.01,0.04
2014,Budweiser,https://superbowl-ads.com/2014-budweiser-puppy-love/,https://www.youtube.com/watch?v=gUGGepL5gGU,False,False,True,False,False,True,False,60,5.9,81650,8028,232.0,0.08,8.03
2014,NFL,https://superbowl-ads.com/nfl-now/,,False,True,False,False,False,False,False,10,0.98,0,0,112.19,0.0,0.0
2015,Doritos,https://superbowl-ads.com/2015-doritos-middle-seat/,https://www.youtube.com/watch?v=2JqRXLQYF9o,True,False,False,False,False,False,True,30,4.25,2335970,2800,114.44,2.34,2.8
2015,Budweiser,https://superbowl-ads.com/2015-budweiser-clydesdale-beer-run/,https://www.youtube.com/watch?v=5tso0er4EUI,True,True,False,False,True,True,False,30,4.25,8194,15,114.44,0.01,0.02
2015,Budweiser,https://superbowl-ads.com/budweiser-2015-super-bowl-xlix-ad-brewed-the-hard-way/,https://www.youtube.com/watch?v=7_EfXuGev24,False,True,True,False,False,True,False,60,8.5,0,0,114.44,0.0,0.0
2015,Doritos,https://superbowl-ads.com/doritos-2015-super-bowl-xlix-ad-when-pigs-fly/,https://www.youtube.com/watch?v=YQo0TfuueaY,True,True,True,False,False,True,False,30,4.25,1292999,2100,114.44,1.29,2.1
2015,Kia,https://superbowl-ads.com/2015-kia-sorento-the-perfect-getaway-with-pierce-brosnan/,https://www.youtube.com/watch?v=nayeYTmEdYw,True,True,False,True,True,True,True,75,10.62,81479,75,114.44,0.08,0.08
2015,Doritos,https://superbowl-ads.com/2015-doritos-cheesy-pirates/,,True,False,False,False,True,False,True,30,4.25,0,0,114.44,0.0,0.0
2015,Pepsi,https://superbowl-ads.com/pepsi-2015-super-bowl-xlix-ad-halftime-touches-down/,https://www.youtube.com/watch?v=IUU_ygKs3jA,False,True,False,False,False,True,False,30,4.25,1030,3,114.44,0.0,0.0
2015,Budweiser,https://superbowl-ads.com/2015-budweiser-lost-dog/,https://www.youtube.com/watch?v=otCxSnu_HXA,False,True,True,False,True,True,False,60,8.5,502254,2400,114.44,0.5,2.4
2015,Coca-Cola,https://superbowl-ads.com/2015-coca-cola-make-it-happy/,https://www.youtube.com/watch?v=1AeG8tCzTGw,False,False,False,False,False,False,False,60,8.5,57345,412,114.44,0.06,0.41
2015,Toyota,https://superbowl-ads.com/toyota-camry-2015-super-bowl-xlix-ad-my-bold-dad/,https://www.youtube.com/watch?v=9u4--TxE2gI,False,True,True,False,False,False,False,60,8.5,35407,292,114.44,0.04,0.29
2016,Hyundai,https://superbowl-ads.com/hyundai-2016-super-bowl-50-ad-chase/,https://www.youtube.com/watch?v=r_kXSO9Cph0,True,False,False,False,True,True,False,30,4.8,5350,42,111.86,0.01,0.04
2016,Pepsi,https://superbowl-ads.com/pepsi-2016-super-bowl-50-ad-joy-pepsi/,https://www.youtube.com/watch?v=B9j4Cw5dkBs,False,False,False,True,False,False,False,30,4.8,3310,19,111.86,0.0,0.02
2016,Hyundai,https://superbowl-ads.com/hyundai-2016-super-bowl-50-ad-ryanville/,https://www.youtube.com/watch?v=wBcijELzZi4,True,True,False,True,False,True,True,45,7.2,12534,112,111.86,0.01,0.11
2016,Coca-Cola,https://superbowl-ads.com/coca-cola-mini-2016-super-bowl-50-ad-hulk-vs-ant-man/,https://www.youtube.com/watch?v=sMkGwCw7iv8,True,True,False,True,True,False,False,60,9.6,12683366,199000,111.86,12.68,199.0
2016,Hyundai,https://superbowl-ads.com/hyundai-2016-super-bowl-50-ad-first-date/,https://www.youtube.com/watch?v=KwUUdl22mkA,True,False,False,True,False,False,False,60,9.6,215942,1900,111.86,0.22,1.9
2016,Budweiser,https://superbowl-ads.com/budweiser-2016-super-bowl-50-ad-simply-put/,https://www.youtube.com/watch?v=Le_2S2db0Bk,False,True,False,True,False,False,False,60,9.6,150,0,111.86,0.0,0.0
2016,Kia,https://superbowl-ads.com/kia-optima-2016-super-bowl-50-ad-walken-closet/,https://www.youtube.com/watch?v=rBkPXt-OpA4,True,False,False,True,False,False,False,75,12.0,18064,115,111.86,0.02,0.12
2016,NFL,https://superbowl-ads.com/nfl-2016-super-bowl-50-ad-super-bowl-babies-choir/,https://www.youtube.com/watch?v=9KqekigARfE,False,False,True,True,False,False,False,180,28.8,4936065,20000,111.86,4.94,20.0
2016,Bud Light,https://superbowl-ads.com/bud-light-2016-super-bowl-50-ad-the-bud-light-party/,https://www.youtube.com/watch?v=e0ez2t6oRWY,True,True,True,True,False,True,False,60,9.6,913,0,111.86,0.0,0.0
2016,Doritos,https://superbowl-ads.com/doritos-2016-super-bowl-50-ad-ultrasound/,https://www.youtube.com/watch?v=Qh_gOK6xDNA,True,True,False,False,False,False,False,30,4.8,1232402,8700,111.86,1.23,8.7
2016,Toyota,https://superbowl-ads.com/pokemon-2016-super-bowl-50-ad-20-years-2/,https://www.youtube.com/watch?v=EluvJby2baA,True,False,False,False,True,False,False,90,14.4,238335,1500,111.86,0.24,1.5
2016,Budweiser,https://superbowl-ads.com/budweiser-2016-super-bowl-50-ad-not-backing/,https://www.youtube.com/watch?v=to4dhysGYD0,False,True,True,False,False,True,False,30,4.8,7256,0,111.86,0.01,0.0
2016,Doritos,https://superbowl-ads.com/doritos-2016-super-bowl-50-ad-doritos-dogs/,https://www.youtube.com/watch?v=MNRAdrB9TSs,True,True,False,False,False,True,False,30,4.8,1537184,3500,111.86,1.54,3.5
2017,NFL,https://superbowl-ads.com/2017-nfl-super-bowl-51-li-tv-commercial-super-bowl-baby-legends/,https://www.youtube.com/watch?v=sryly7XTqLY,False,True,False,False,False,False,False,30,5.4,30469,98,111.32,0.03,0.1
2017,NFL,https://superbowl-ads.com/2017-nfl-super-bowl-51-li-tv-commercial-inside-lines/,https://www.youtube.com/watch?v=pvKBdrx4quA,False,True,True,True,False,False,False,60,10.8,314261,2200,111.32,0.31,2.2
2017,Kia,https://superbowl-ads.com/2017-kia-super-bowl-51-li-tv-commercial-heros-journey-starring-melissa-mccarthy/,https://www.youtube.com/watch?v=pVxmT2x3Od4,True,False,False,True,True,True,False,75,13.5,145269,1400,111.32,0.15,1.4
2017,Budweiser,https://superbowl-ads.com/2017-budweiser-super-bowl-51-li-tv-commercial-born-hard-way/,https://www.youtube.com/watch?v=HtBZvl7dIu4,False,False,True,False,True,False,False,60,10.8,28795017,48000,111.32,28.8,48.0
2017,Hyundai,https://superbowl-ads.com/2017-hyundai-super-bowl-51-li-tv-commercial-better-super-bowl/,https://www.youtube.com/watch?v=C0TTKmW3PTY,False,False,True,False,False,False,False,90,16.2,19349,176,111.32,0.02,0.18
2018,Toyota,https://superbowl-ads.com/good-odds-toyota/,https://www.youtube.com/watch?v=zeBZvwYQ-hA,False,False,False,False,False,False,False,60,10.48,184299,1300,103.39,0.18,1.3
2018,Hyundai,https://superbowl-ads.com/hope-detector-nfl-super-bowl-lii-hyundai/,https://www.youtube.com/watch?v=lNPccrGk77A,False,True,False,False,False,False,False,60,10.48,222,2,103.39,0.0,0.0
2018,Doritos,https://superbowl-ads.com/2018-doritos-blaze-vs-mtn-dew-ice/,https://www.youtube.com/watch?v=rZh_CbcVe7M,True,True,False,True,False,False,False,60,10.48,33684,527,103.39,0.03,0.53
2018,Coca-Cola,https://superbowl-ads.com/life-is-short-have-a-diet-coke-because-i-can-diet-coke/,https://www.youtube.com/watch?v=be5DH6jQs38,False,True,False,True,False,False,False,30,5.24,353,2,103.39,0.0,0.0
2018,Kia,https://superbowl-ads.com/2018-kia-stinger-steven-tyler-big-game-ad-feel-something-again/,https://www.youtube.com/watch?v=9_dE6Z2HK8I,False,False,False,True,False,False,False,60,10.48,30408,353,103.39,0.03,0.35
2018,Pepsi,https://superbowl-ads.com/2018_pepsi_this_is_the_pepsi/,https://www.youtube.com/watch?v=0gHYd67OumQ,False,True,True,True,False,False,False,60,10.48,736511,3200,103.39,0.74,3.2
2018,NFL,https://superbowl-ads.com/touchdown-celebrations-to-come-nfl-super-bowl-lii-commercial/,https://www.youtube.com/watch?v=YDfDElTyLu8&ab_channel=SuperBowlCommercials,True,True,False,True,False,False,False,60,10.48,5,0,103.39,0.0,0.0
2018,Coca-Cola,https://superbowl-ads.com/2018-coca-cola-super-bowl-ad-wonder-us/,https://www.youtube.com/watch?v=-R-EEdvDrUU,False,True,True,False,False,False,False,60,10.48,213433,805,103.39,0.21,0.8
2018,Budweiser,https://superbowl-ads.com/41891-2/,https://www.youtube.com/watch?v=GNVw5f16GEM,False,False,True,False,False,False,False,60,10.48,43500,162,103.39,0.04,0.16
2018,Bud Light,https://superbowl-ads.com/bud-light-the-bud-knight/,https://www.youtube.com/watch?v=q-QTDm1kdwo,True,True,False,False,True,True,False,60,10.48,39955,590,103.39,0.04,0.59
2018,Bud Light,https://superbowl-ads.com/bud-light-ye-olde-pep-talk/,https://www.youtube.com/watch?v=xza7T89Lda4,True,True,False,False,True,True,False,45,7.86,3346,17,103.39,0.0,0.02
2018,Coca-Cola,https://superbowl-ads.com/diet-coke-twisted-mango-groove/,https://www.youtube.com/watch?v=nkGd47iB-wU,False,True,False,False,False,False,True,30,5.24,523,4,103.39,0.0,0.0
2018,E-Trade,https://superbowl-ads.com/etrade-commercial-this-is-getting-old/,https://www.youtube.com/watch?v=Qx5-AZlfjp4,True,False,True,False,False,False,True,30,5.24,35776,185,103.39,0.04,0.18
2018,Toyota,https://superbowl-ads.com/toyota-2018-big-game-ad-one-team/,https://www.youtube.com/watch?v=QwF3ipuNyfc,True,True,True,False,False,False,False,60,10.48,360490,1400,103.39,0.36,1.4
2019,Hyundai,https://superbowl-ads.com/2019-hyundai-shopper-assurance-the-elevator-with-jason-bateman/,https://www.youtube.com/watch?v=6mfJ0EsqLWs,True,False,True,True,False,False,False,60,10.4,47309,289,98.19,0.05,0.29
2019,Doritos,https://superbowl-ads.com/2019-doritos-now-its-hot-with-chance-the-rapper-and-backstreet-boys/,https://www.youtube.com/watch?v=NvIcPAxZ39o,False,True,False,True,False,False,False,60,10.4,64914,1000,98.19,0.06,1.0
2019,Pepsi,https://superbowl-ads.com/2019-pepsi-more-than-ok/,https://www.youtube.com/watch?v=64UH1_D95gQ,True,True,False,True,False,False,True,60,10.4,99902,1000,98.19,0.1,1.0
2019,NFL,https://superbowl-ads.com/2019-nfl-nfl100/,https://www.youtube.com/watch?v=sl8ooTIMk2w,True,True,False,True,False,False,False,120,20.8,82052,712,98.19,0.08,0.71
2019,Pepsi,https://superbowl-ads.com/2019-pepsi-bubly-buble/,https://www.youtube.com/watch?v=I-_Uh-vZXgo,True,True,False,True,False,False,False,30,5.2,176868,1400,98.19,0.18,1.4
2019,Bud Light,https://superbowl-ads.com/2019-bud-light-medieval-barbers/,https://www.youtube.com/watch?v=hkSQ2Vr41bM,True,True,False,False,False,False,False,15,2.6,37292,67,98.19,0.04,0.07
2019,Toyota,https://superbowl-ads.com/2019-toyota-supra-wizard/,https://www.youtube.com/watch?v=ZuBbnZ3UbJw,False,True,False,False,False,False,False,60,10.4,0,0,98.19,0.0,0.0
2019,Toyota,https://superbowl-ads.com/2019-toyota-toni-with-antoinette-harris/,https://www.youtube.com/watch?v=wegrVsP3gK4,False,True,False,False,False,False,False,60,10.4,6057,39,98.19,0.01,0.04
2019,Budweiser,https://superbowl-ads.com/2019-budweiser-wind-never-felt-better/,,False,False,False,False,False,True,False,60,10.4,0,0,98.19,0.0,0.0
2019,Coca-Cola,https://superbowl-ads.com/2019-coca-cola-a-coke-is-a-coke/,https://www.youtube.com/watch?v=WTqL_giKNHQ,False,True,True,False,False,True,False,60,10.4,85240,437,98.19,0.09,0.44
2019,Kia,https://superbowl-ads.com/2020-kia-telluride-give-it-everything/,https://www.youtube.com/watch?v=sS8dkRhDirY,False,False,True,False,False,True,False,90,15.6,2094,0,98.19,0.0,0.0
2019,Bud Light,https://superbowl-ads.com/2019-bud-light-special-delivery/,https://www.youtube.com/watch?v=2HqHA0MFlkY,True,True,False,False,True,False,False,60,10.4,38590,89,98.19,0.04,0.09
2019,Kia,https://superbowl-ads.com/2019-kia-the-great-unknowns-what-if/,https://www.youtube.com/watch?v=nONhop0Kq-E,False,False,True,False,False,False,False,30,5.2,605,2,98.19,0.0,0.0
2019,Bud Light,https://superbowl-ads.com/2019-bud-light-trojan-horse-occupants/,https://www.youtube.com/watch?v=nScg3KmA_6k,True,True,False,False,False,False,False,15,2.6,222,3,98.19,0.0,0.0
2019,Bud Light,https://superbowl-ads.com/2019-bud-light-game-of-thrones-joust/,https://www.youtube.com/watch?v=8fhOItB0zUM,True,True,False,False,True,True,False,60,10.4,7678655,94000,98.19,7.68,94.0
2020,Bud Light,https://superbowl-ads.com/2020-bud-light-seltzer-inside-posts-brain/,https://www.youtube.com/watch?v=nbbp0VW7z8w,True,True,False,True,True,False,False,60,11.2,76790,998,100.45,0.08,1.0
2020,Toyota,https://superbowl-ads.com/2020-toyota-go-places-with-cobie-smulders/,https://www.youtube.com/watch?v=f34Ji70u3nk,True,True,False,True,True,True,False,60,11.2,27694,138,100.45,0.03,0.14
2020,Coca-Cola,https://superbowl-ads.com/2020-coca-cola-energy-show-up/,https://www.youtube.com/watch?v=-gAZRN3SCBw,True,False,False,True,False,True,False,60,11.2,309037,1400,100.45,0.31,1.4
2020,Kia,https://superbowl-ads.com/2020-kia-tough-never-quits/,https://www.youtube.com/watch?v=lMs79UXam9A,False,False,False,True,False,False,False,60,11.2,25604,111,100.45,0.03,0.11
2020,Hyundai,https://superbowl-ads.com/2020-hyundai-smaht-pahk/,https://www.youtube.com/watch?v=WBvkmWDjsYc,True,True,False,True,False,True,False,60,11.2,198025,2000,100.45,0.2,2.0
2020,Budweiser,https://superbowl-ads.com/2020-budweiser-typical-american/,https://www.youtube.com/watch?v=J0xugdotpp8,False,True,True,True,True,False,False,60,11.2,1760,12,100.45,0.0,0.01
2020,NFL,https://superbowl-ads.com/2020-nfl-next-100/,https://www.youtube.com/watch?v=lbkafMhmvMo,False,False,True,True,False,False,False,170,31.73,33318675,202000,100.45,33.32,202.0
2020,Doritos,https://superbowl-ads.com/2020-doritos-the-cool-ranch-with-lil-nas-x-and-sam-elliott/,https://www.youtube.com/watch?v=6xVnq31Vk8Y,True,True,False,True,True,True,False,60,11.2,2137823,11000,100.45,2.14,11.0
2020,Pepsi,https://superbowl-ads.com/2020-pepsi-zero-sugar-done-right/,https://www.youtube.com/watch?v=Ozb_fJB_z6o,False,True,False,True,False,False,False,30,5.6,34221,155,100.45,0.03,0.16
2021,E-Trade,https://www.superbowl-ads.com/2021-etrade-workout/,https://www.youtube.com/watch?v=QagQxo4IZx8,True,False,False,True,False,False,False,30,5.5,177,6,91.63,0.0,0.01
2021,Toyota,https://www.superbowl-ads.com/2021-toyota-jessica-longs-story-upstream/,https://www.youtube.com/watch?v=fqWG5_7nwyk&t=1s,False,False,True,False,False,False,False,60,11.0,1399700,12000,91.63,1.4,12.0
2021,Bud Light,https://www.superbowl-ads.com/2021-bud-light-legends/,https://www.youtube.com/watch?v=IOjsm02SVF4,True,True,False,True,True,False,False,60,11.0,4250,33,91.63,0.0,0.03
2021,Doritos,https://www.superbowl-ads.com/2021-doritos-3d-flat-matthew/,https://www.youtube.com/watch?v=BLuqtTn4610&t=9s,True,False,False,True,True,True,False,60,11.0,21546933,20000,91.63,21.55,20.0
2021,Bud Light,https://www.superbowl-ads.com/2021-bud-light-last-years-lemons/,https://www.youtube.com/watch?v=g6CVKs77X74,True,True,False,False,True,False,False,60,11.0,5140823,2900,91.63,5.14,2.9
